,date,Information Technology,Communication Services,Consumer Discretionary,Financials,Energy,Health Care,Industrials,Consumer Staples
0,2020-01-01,0.0,0.0,0.0,0.0,0.0,0.0,0.0,0.0
1,2020-01-02,0.0,0.0,0.0,0.0,0.0,0.0,0.0,0.0
2,2020-01-03,0.0,0.0,0.0,0.0,0.0,0.0,0.0,0.0
3,2020-01-06,0.0,0.0,0.0,0.0,0.0,0.0,0.0,0.0
4,2020-01-07,0.0,0.0,0.0,0.0,0.0,0.0,0.0,0.0
5,2020-01-08,0.0,0.0,0.0,0.0,0.0,0.0,0.0,0.0
6,2020-01-09,0.0,0.0,0.0,0.0,0.0,0.0,0.0,0.0
7,2020-01-10,0.0,0.0,0.0,0.0,0.0,0.0,0.0,0.0
8,2020-01-13,0.0,0.0,0.0,0.0,0.0,0.0,0.0,0.0
9,2020-01-14,0.0,0.0,0.0,0.0,0.0,0.0,0.0,0.0
10,2020-01-15,0.0,0.0,0.0,0.0,0.0,0.0,0.0,0.0
11,2020-01-16,0.0,0.0,0.0,0.0,0.0,0.0,0.0,0.0
12,2020-01-17,0.0,0.0,0.0,0.0,0.0,0.0,0.0,0.0
13,2020-01-20,0.0,0.0,0.0,0.0,0.0,0.0,0.0,0.0
14,2020-01-21,0.0,0.0,0.0,0.0,0.0,0.0,0.0,0.0
15,2020-01-22,0.0,0.0,0.0,0.0,0.0,0.0,0.0,0.0
16,2020-01-23,0.0,0.0,0.0,0.0,0.0,0.0,0.0,0.0
17,2020-01-24,0.0,0.0,0.0,0.0,0.0,0.0,0.0,0.0
18,2020-01-27,0.0,0.0,0.0,0.0,0.0,0.0,0.0,0.0
19,2020-01-28,0.0,0.0,0.0,0.0,0.0,0.0,0.0,0.0
20,2020-01-29,0.0,0.0,0.0,0.0,0.0,0.0,0.0,0.0
21,2020-01-30,0.0,0.0,0.0,0.0,0.0,0.0,0.0,0.0
22,2020-01-31,0.0,0.0,0.0,0.0,0.0,0.0,0.0,0.0
23,2020-02-03,0.0,0.0,0.0,0.0,0.0,0.0,0.0,0.0
24,2020-02-04,0.0,0.0,0.0,0.0,0.0,0.0,0.0,0.0
25,2020-02-05,0.0,0.0,0.0,0.0,0.0,0.0,0.0,0.0
26,2020-02-06,0.0,0.0,0.0,0.0,0.0,0.0,0.0,0.0
27,2020-02-07,0.0,0.0,0.0,0.0,0.0,0.0,0.0,0.0
28,2020-02-10,0.0,0.0,0.0,0.0,0.0,0.0,0.0,0.0
29,2020-02-11,0.0,0.0,0.0,0.0,0.0,0.0,0.0,0.0
30,2020-02-12,0.0,0.0,0.0,0.0,0.0,0.0,0.0,0.0
31,2020-02-13,0.0,0.0,0.0,0.0,0.0,0.0,0.0,0.0
32,2020-02-14,0.0,0.0,0.0,0.0,0.0,0.0,0.0,0.0
33,2020-02-17,0.0,0.0,0.0,0.0,0.0,0.0,0.0,0.0
34,2020-02-18,0.0,0.0,0.0,0.0,0.0,0.0,0.0,0.0
35,2020-02-19,0.0,0.0,0.0,0.0,0.0,0.0,0.0,0.0
36,2020-02-20,0.0,0.0,0.0,0.0,0.0,0.0,0.0,0.0
37,2020-02-21,0.0,0.0,0.0,0.0,0.0,0.0,0.0,0.0
38,2020-02-24,0.0,0.0,0.0,0.0,0.0,0.0,0.0,0.0
39,2020-02-25,0.0,0.0,0.0,0.0,0.0,0.0,0.0,0.0
40,2020-02-26,0.0,0.0,0.0,0.0,0.0,0.0,0.0,0.0
41,2020-02-27,0.0,0.0,0.0,0.0,0.0,0.0,0.0,0.0
42,2020-02-28,0.0,0.0,0.0,0.0,0.0,0.0,0.0,0.0
43,2020-03-02,0.0,0.0,0.0,0.0,0.0,0.0,0.0,0.0
44,2020-03-03,0.0,0.0,0.0,0.0,0.0,0.0,0.0,0.0
45,2020-03-04,0.0,0.0,0.0,0.0,0.0,0.0,0.0,0.0
46,2020-03-05,0.0,0.0,0.0,0.0,0.0,0.0,0.0,0.0
47,2020-03-06,0.0,0.0,0.0,0.0,0.0,0.0,0.0,0.0
48,2020-03-09,0.0,0.0,0.0,0.0,0.0,0.0,0.0,0.0
49,2020-03-10,0.0,0.0,0.0,0.0,0.0,0.0,0.0,0.0
50,2020-03-11,0.0,0.0,0.0,0.0,0.0,0.0,0.0,0.0
51,2020-03-12,0.0,0.0,0.0,0.0,0.0,0.0,0.0,0.0
52,2020-03-13,0.0,0.0,0.0,0.0,0.0,0.0,0.0,0.0
53,2020-03-16,0.0,0.0,0.0,0.0,0.0,0.0,0.0,0.0
54,2020-03-17,0.0,0.0,0.0,0.0,0.0,0.0,0.0,0.0
55,2020-03-18,0.0,0.0,0.0,0.0,0.0,0.0,0.0,0.0
56,2020-03-19,0.0,0.0,0.0,0.0,0.0,0.0,0.0,0.0
57,2020-03-20,0.0,0.0,0.0,0.0,0.0,0.0,0.0,0.0
58,2020-03-23,0.0,0.0,0.0,0.0,0.0,0.0,0.0,0.0
59,2020-03-24,0.0,0.0,0.0,0.0,0.0,0.0,0.0,0.0
60,2020-03-25,0.0,0.0,0.0,0.0,0.0,0.0,0.0,0.0
61,2020-03-26,0.0,0.0,0.0,0.0,0.0,0.0,0.0,0.0
62,2020-03-27,0.0,0.0,0.0,0.0,0.0,0.0,0.0,0.0
63,2020-03-30,0.0,0.0,0.0,0.0,0.0,0.0,0.0,0.0
64,2020-03-31,0.0,0.0,0.0,0.0,0.0,0.0,0.0,0.0
65,2020-04-01,0.0,0.0,0.0,0.0,0.0,0.0,0.0,0.0
66,2020-04-02,0.0,0.0,0.0,0.0,0.0,0.0,0.0,0.0
67,2020-04-03,0.0,0.0,0.0,0.0,0.0,0.0,0.0,0.0
68,2020-04-06,0.0,0.0,0.0,0.0,0.0,0.0,0.0,0.0
69,2020-04-07,0.0,0.0,0.0,0.0,0.0,0.0,0.0,0.0
70,2020-04-08,0.0,0.0,0.0,0.0,0.0,0.0,0.0,0.0
71,2020-04-09,0.0,0.0,0.0,0.0,0.0,0.0,0.0,0.0
72,2020-04-10,0.0,0.0,0.0,0.0,0.0,0.0,0.0,0.0
73,2020-04-13,0.0,0.0,0.0,0.0,0.0,0.0,0.0,0.0
74,2020-04-14,0.0,0.0,0.0,0.0,0.0,0.0,0.0,0.0
75,2020-04-15,0.0,0.0,0.0,0.0,0.0,0.0,0.0,0.0
76,2020-04-16,0.0,0.0,0.0,0.0,0.0,0.0,0.0,0.0
77,2020-04-17,0.0,0.0,0.0,0.0,0.0,0.0,0.0,0.0
78,2020-04-20,0.0,0.0,0.0,0.0,0.0,0.0,0.0,0.0
79,2020-04-21,0.0,0.0,0.0,0.0,0.0,0.0,0.0,0.0
80,2020-04-22,0.0,0.0,0.0,0.0,0.0,0.0,0.0,0.0
81,2020-04-23,0.0,0.0,0.0,0.0,0.0,0.0,0.0,0.0
82,2020-04-24,0.0,0.0,0.0,0.0,0.0,0.0,0.0,0.0
83,2020-04-27,0.0,0.0,0.0,0.0,0.0,0.0,0.0,0.0
84,2020-04-28,0.0,0.0,0.0,0.0,0.0,0.0,0.0,0.0
85,2020-04-29,0.0,0.0,0.0,0.0,0.0,0.0,0.0,0.0
86,2020-04-30,0.0,0.0,0.0,0.0,0.0,0.0,0.0,0.0
87,2020-05-01,0.0,0.0,0.0,0.0,0.0,0.0,0.0,0.0
88,2020-05-04,0.0,0.0,0.0,0.0,0.0,0.0,0.0,0.0
89,2020-05-05,0.0,0.0,0.0,0.0,0.0,0.0,0.0,0.0
90,2020-05-06,0.0,0.0,0.0,0.0,0.0,0.0,0.0,0.0
91,2020-05-07,0.0,0.0,0.0,0.0,0.0,0.0,0.0,0.0
92,2020-05-08,0.0,0.0,0.0,0.0,0.0,0.0,0.0,0.0
93,2020-05-11,0.0,0.0,0.0,0.0,0.0,0.0,0.0,0.0
94,2020-05-12,0.0,0.0,0.0,0.0,0.0,0.0,0.0,0.0
95,2020-05-13,0.0,0.0,0.0,0.0,0.0,0.0,0.0,0.0
96,2020-05-14,0.0,0.0,0.0,0.0,0.0,0.0,0.0,0.0
97,2020-05-15,0.0,0.0,0.0,0.0,0.0,0.0,0.0,0.0
98,2020-05-18,0.0,0.0,0.0,0.0,0.0,0.0,0.0,0.0
99,2020-05-19,0.0,0.0,0.0,0.0,0.0,0.0,0.0,0.0
100,2020-05-20,0.0,0.0,0.0,0.0,0.0,0.0,0.0,0.0
101,2020-05-21,0.0,0.0,0.0,0.0,0.0,0.0,0.0,0.0
102,2020-05-22,0.0,0.0,0.0,0.0,0.0,0.0,0.0,0.0
103,2020-05-25,0.0,0.0,0.0,0.0,0.0,0.0,0.0,0.0
104,2020-05-26,0.0,0.0,0.0,0.0,0.0,0.0,0.0,0.0
105,2020-05-27,0.0,0.0,0.0,0.0,0.0,0.0,0.0,0.0
106,2020-05-28,0.0,0.0,0.0,0.0,0.0,0.0,0.0,0.0
107,2020-05-29,0.0,0.0,0.0,0.0,0.0,0.0,0.0,0.0
108,2020-06-01,0.0,0.0,0.0,0.0,0.0,0.0,0.0,0.0
109,2020-06-02,0.0,0.0,0.0,0.0,0.0,0.0,0.0,0.0
110,2020-06-03,0.0,0.0,0.0,0.0,0.0,0.0,0.0,0.0
111,2020-06-04,0.0,0.0,0.0,0.0,0.0,0.0,0.0,0.0
112,2020-06-05,0.0,0.0,0.0,0.0,0.0,0.0,0.0,0.0
113,2020-06-08,0.0,0.0,0.0,0.0,0.0,0.0,0.0,0.0
114,2020-06-09,0.0,0.0,0.0,0.0,0.0,0.0,0.0,0.0
115,2020-06-10,0.0,0.0,0.0,0.0,0.0,0.0,0.0,0.0
116,2020-06-11,0.0,0.0,0.0,0.0,0.0,0.0,0.0,0.0
117,2020-06-12,0.0,0.0,0.0,0.0,0.0,0.0,0.0,0.0
118,2020-06-15,0.0,0.0,0.0,0.0,0.0,0.0,0.0,0.0
119,2020-06-16,0.0,0.0,0.0,0.0,0.0,0.0,0.0,0.0
120,2020-06-17,0.0,0.0,0.0,0.0,0.0,0.0,0.0,0.0
121,2020-06-18,0.0,0.0,0.0,0.0,0.0,0.0,0.0,0.0
122,2020-06-19,0.0,0.0,0.0,0.0,0.0,0.0,0.0,0.0
123,2020-06-22,0.0,0.0,0.0,0.0,0.0,0.0,0.0,0.0
124,2020-06-23,0.0,0.0,0.0,0.0,0.0,0.0,0.0,0.0
125,2020-06-24,0.0,0.0,0.0,0.0,0.0,0.0,0.0,0.0
126,2020-06-25,0.0,0.0,0.0,0.0,0.0,0.0,0.0,0.0
127,2020-06-26,0.0,0.0,0.0,0.0,0.0,0.0,0.0,0.0
128,2020-06-29,0.0,0.0,0.0,0.0,0.0,0.0,0.0,0.0
129,2020-06-30,0.0,0.0,0.0,0.0,0.0,0.0,0.0,0.0
130,2020-07-01,0.0,0.0,0.0,0.0,0.0,0.0,0.0,0.0
131,2020-07-02,0.0,0.0,0.0,0.0,0.0,0.0,0.0,0.0
132,2020-07-03,0.0,0.0,0.0,0.0,0.0,0.0,0.0,0.0
133,2020-07-06,0.0,0.0,0.0,0.0,0.0,0.0,0.0,0.0
134,2020-07-07,0.0,0.0,0.0,0.0,0.0,0.0,0.0,0.0
135,2020-07-08,0.0,0.0,0.0,0.0,0.0,0.0,0.0,0.0
136,2020-07-09,0.0,0.0,0.0,0.0,0.0,0.0,0.0,0.0
137,2020-07-10,0.0,0.0,0.0,0.0,0.0,0.0,0.0,0.0
138,2020-07-13,0.0,0.0,0.0,0.0,0.0,0.0,0.0,0.0
139,2020-07-14,0.0,0.0,0.0,0.0,0.0,0.0,0.0,0.0
140,2020-07-15,0.0,0.0,0.0,0.0,0.0,0.0,0.0,0.0
141,2020-07-16,0.0,0.0,0.0,0.0,0.0,0.0,0.0,0.0
142,2020-07-17,0.0,0.0,0.0,0.0,0.0,0.0,0.0,0.0
143,2020-07-20,0.0,0.0,0.0,0.0,0.0,0.0,0.0,0.0
144,2020-07-21,0.0,0.0,0.0,0.0,0.0,0.0,0.0,0.0
145,2020-07-22,0.0,0.0,0.0,0.0,0.0,0.0,0.0,0.0
146,2020-07-23,0.0,0.0,0.0,0.0,0.0,0.0,0.0,0.0
147,2020-07-24,0.0,0.0,0.0,0.0,0.0,0.0,0.0,0.0
148,2020-07-27,0.0,0.0,0.0,0.0,0.0,0.0,0.0,0.0
149,2020-07-28,0.0,0.0,0.0,0.0,0.0,0.0,0.0,0.0
150,2020-07-29,0.0,0.0,0.0,0.0,0.0,0.0,0.0,0.0
151,2020-07-30,0.0,0.0,0.0,0.0,0.0,0.0,0.0,0.0
152,2020-07-31,0.0,0.0,0.0,0.0,0.0,0.0,0.0,0.0
153,2020-08-03,0.0,0.0,0.0,0.0,0.0,0.0,0.0,0.0
154,2020-08-04,0.0,0.0,0.0,0.0,0.0,0.0,0.0,0.0
155,2020-08-05,0.0,0.0,0.0,0.0,0.0,0.0,0.0,0.0
156,2020-08-06,0.0,0.0,0.0,0.0,0.0,0.0,0.0,0.0
157,2020-08-07,0.0,0.0,0.0,0.0,0.0,0.0,0.0,0.0
158,2020-08-10,0.0,0.0,0.0,0.0,0.0,0.0,0.0,0.0
159,2020-08-11,0.0,0.0,0.0,0.0,0.0,0.0,0.0,0.0
160,2020-08-12,0.0,0.0,0.0,0.0,0.0,0.0,0.0,0.0
161,2020-08-13,0.0,0.0,0.0,0.0,0.0,0.0,0.0,0.0
162,2020-08-14,0.0,0.0,0.0,0.0,0.0,0.0,0.0,0.0
163,2020-08-17,0.0,0.0,0.0,0.0,0.0,0.0,0.0,0.0
164,2020-08-18,0.0,0.0,0.0,0.0,0.0,0.0,0.0,0.0
165,2020-08-19,0.0,0.0,0.0,0.0,0.0,0.0,0.0,0.0
166,2020-08-20,0.0,0.0,0.0,0.0,0.0,0.0,0.0,0.0
167,2020-08-21,0.0,0.0,0.0,0.0,0.0,0.0,0.0,0.0
168,2020-08-24,0.0,0.0,0.0,0.0,0.0,0.0,0.0,0.0
169,2020-08-25,0.0,0.0,0.0,0.0,0.0,0.0,0.0,0.0
170,2020-08-26,0.0,0.0,0.0,0.0,0.0,0.0,0.0,0.0
171,2020-08-27,0.0,0.0,0.0,0.0,0.0,0.0,0.0,0.0
172,2020-08-28,0.0,0.0,0.0,0.0,0.0,0.0,0.0,0.0
173,2020-08-31,0.0,0.0,0.0,0.0,0.0,0.0,0.0,0.0
174,2020-09-01,0.0,0.0,0.0,0.0,0.0,0.0,0.0,0.0
175,2020-09-02,0.0,0.0,0.0,0.0,0.0,0.0,0.0,0.0
176,2020-09-03,0.0,0.0,0.0,0.0,0.0,0.0,0.0,0.0
177,2020-09-04,0.0,0.0,0.0,0.0,0.0,0.0,0.0,0.0
178,2020-09-07,0.0,0.0,0.0,0.0,0.0,0.0,0.0,0.0
179,2020-09-08,0.0,0.0,0.0,0.0,0.0,0.0,0.0,0.0
180,2020-09-09,0.0,0.0,0.0,0.0,0.0,0.0,0.0,0.0
181,2020-09-10,0.0,0.0,0.0,0.0,0.0,0.0,0.0,0.0
182,2020-09-11,0.0,0.0,0.0,0.0,0.0,0.0,0.0,0.0
183,2020-09-14,0.0,0.0,0.0,0.0,0.0,0.0,0.0,0.0
184,2020-09-15,0.0,0.0,0.0,0.0,0.0,0.0,0.0,0.0
185,2020-09-16,0.0,0.0,0.0,0.0,0.0,0.0,0.0,0.0
186,2020-09-17,0.0,0.0,0.0,0.0,0.0,0.0,0.0,0.0
187,2020-09-18,0.0,0.0,0.0,0.0,0.0,0.0,0.0,0.0
188,2020-09-21,0.0,0.0,0.0,0.0,0.0,0.0,0.0,0.0
189,2020-09-22,0.0,0.0,0.0,0.0,0.0,0.0,0.0,0.0
190,2020-09-23,0.0,0.0,0.0,0.0,0.0,0.0,0.0,0.0
191,2020-09-24,0.0,0.0,0.0,0.0,0.0,0.0,0.0,0.0
192,2020-09-25,0.0,0.0,0.0,0.0,0.0,0.0,0.0,0.0
193,2020-09-28,0.0,0.0,0.0,0.0,0.0,0.0,0.0,0.0
194,2020-09-29,0.0,0.0,0.0,0.0,0.0,0.0,0.0,0.0
195,2020-09-30,0.0,0.0,0.0,0.0,0.0,0.0,0.0,0.0
196,2020-10-01,0.0,0.0,0.0,0.0,0.0,0.0,0.0,0.0
197,2020-10-02,0.0,0.0,0.0,0.0,0.0,0.0,0.0,0.0
198,2020-10-05,0.0,0.0,0.0,0.0,0.0,0.0,0.0,0.0
199,2020-10-06,0.0,0.0,0.0,0.0,0.0,0.0,0.0,0.0
200,2020-10-07,0.0,0.0,0.0,0.0,0.0,0.0,0.0,0.0
201,2020-10-08,0.0,0.0,0.0,0.0,0.0,0.0,0.0,0.0
202,2020-10-09,0.0,0.0,0.0,0.0,0.0,0.0,0.0,0.0
203,2020-10-12,0.0,0.0,0.0,0.0,0.0,0.0,0.0,0.0
204,2020-10-13,0.0,0.0,0.0,0.0,0.0,0.0,0.0,0.0
205,2020-10-14,0.0,0.0,0.0,0.0,0.0,0.0,0.0,0.0
206,2020-10-15,0.0,0.0,0.0,0.0,0.0,0.0,0.0,0.0
207,2020-10-16,0.0,0.0,0.0,0.0,0.0,0.0,0.0,0.0
208,2020-10-19,0.0,0.0,0.0,0.0,0.0,0.0,0.0,0.0
209,2020-10-20,0.0,0.0,0.0,0.0,0.0,0.0,0.0,0.0
210,2020-10-21,0.0,0.0,0.0,0.0,0.0,0.0,0.0,0.0
211,2020-10-22,0.0,0.0,0.0,0.0,0.0,0.0,0.0,0.0
212,2020-10-23,0.0,0.0,0.0,0.0,0.0,0.0,0.0,0.0
213,2020-10-26,0.0,0.0,0.0,0.0,0.0,0.0,0.0,0.0
214,2020-10-27,0.0,0.0,0.0,0.0,0.0,0.0,0.0,0.0
215,2020-10-28,0.0,0.0,0.0,0.0,0.0,0.0,0.0,0.0
216,2020-10-29,0.0,0.0,0.0,0.0,0.0,0.0,0.0,0.0
217,2020-10-30,0.0,0.0,0.0,0.0,0.0,0.0,0.0,0.0
218,2020-11-02,0.0,0.0,0.0,0.0,0.0,0.0,0.0,0.0
219,2020-11-03,0.0,0.0,0.0,0.0,0.0,0.0,0.0,0.0
220,2020-11-04,0.0,0.0,0.0,0.0,0.0,0.0,0.0,0.0
221,2020-11-05,0.0,0.0,0.0,0.0,0.0,0.0,0.0,0.0
222,2020-11-06,0.0,0.0,0.0,0.0,0.0,0.0,0.0,0.0
223,2020-11-09,0.0,0.0,0.0,0.0,0.0,0.0,0.0,0.0
224,2020-11-10,0.0,0.0,0.0,0.0,0.0,0.0,0.0,0.0
225,2020-11-11,0.0,0.0,0.0,0.0,0.0,0.0,0.0,0.0
226,2020-11-12,0.0,0.0,0.0,0.0,0.0,0.0,0.0,0.0
227,2020-11-13,0.0,0.0,0.0,0.0,0.0,0.0,0.0,0.0
228,2020-11-16,0.0,0.0,0.0,0.0,0.0,0.0,0.0,0.0
229,2020-11-17,0.0,0.0,0.0,0.0,0.0,0.0,0.0,0.0
230,2020-11-18,0.0,0.0,0.0,0.0,0.0,0.0,0.0,0.0
231,2020-11-19,0.0,0.0,0.0,0.0,0.0,0.0,0.0,0.0
232,2020-11-20,0.0,0.0,0.0,0.0,0.0,0.0,0.0,0.0
233,2020-11-23,0.0,0.0,0.0,0.0,0.0,0.0,0.0,0.0
234,2020-11-24,0.0,0.0,0.0,0.0,0.0,0.0,0.0,0.0
235,2020-11-25,0.0,0.0,0.0,0.0,0.0,0.0,0.0,0.0
236,2020-11-26,0.0,0.0,0.0,0.0,0.0,0.0,0.0,0.0
237,2020-11-27,0.0,0.0,0.0,0.0,0.0,0.0,0.0,0.0
238,2020-11-30,0.0,0.0,0.0,0.0,0.0,0.0,0.0,0.0
239,2020-12-01,0.0,0.0,0.0,0.0,0.0,0.0,0.0,0.0
240,2020-12-02,0.0,0.0,0.0,0.0,0.0,0.0,0.0,0.0
241,2020-12-03,0.0,0.0,0.0,0.0,0.0,0.0,0.0,0.0
242,2020-12-04,0.0,0.0,0.0,0.0,0.0,0.0,0.0,0.0
243,2020-12-07,0.0,0.0,0.0,0.0,0.0,0.0,0.0,0.0
244,2020-12-08,0.0,0.0,0.0,0.0,0.0,0.0,0.0,0.0
245,2020-12-09,0.0,0.0,0.0,0.0,0.0,0.0,0.0,0.0
246,2020-12-10,0.0,0.0,0.0,0.0,0.0,0.0,0.0,0.0
247,2020-12-11,0.0,0.0,0.0,0.0,0.0,0.0,0.0,0.0
248,2020-12-14,0.0,0.0,0.0,0.0,0.0,0.0,0.0,0.0
249,2020-12-15,0.0,0.0,0.0,0.0,0.0,0.0,0.0,0.0
250,2020-12-16,0.0,0.0,0.0,0.0,0.0,0.0,0.0,0.0
251,2020-12-17,0.0,0.0,0.0,0.0,0.0,0.0,0.0,0.0
252,2020-12-18,0.0,0.0,0.0,0.0,0.0,0.0,0.0,0.0
253,2020-12-21,0.0,0.0,0.0,0.0,0.0,0.0,0.0,0.0
254,2020-12-22,0.0,0.0,0.0,0.0,0.0,0.0,0.0,0.0
255,2020-12-23,0.0,0.0,0.0,0.0,0.0,0.0,0.0,0.0
256,2020-12-24,0.0,0.0,0.0,0.0,0.0,0.0,0.0,0.0
257,2020-12-25,0.0,0.0,0.0,0.0,0.0,0.0,0.0,0.0
258,2020-12-28,0.0,0.0,0.0,0.0,0.0,0.0,0.0,0.0
259,2020-12-29,0.0,0.0,0.0,0.0,0.0,0.0,0.0,0.0
260,2020-12-30,0.0,0.0,0.0,0.0,0.0,0.0,0.0,0.0
261,2020-12-31,0.0,0.0,0.0,0.0,0.0,0.0,0.0,0.0
262,2021-01-01,0.05,0.05,0.07500000000000001,0.05,0.05,0.07500000000000001,0.05,0.1
263,2021-01-04,0.05,0.05,0.07500000000000001,0.05,0.05,0.07500000000000001,0.05,0.1
264,2021-01-05,0.05,0.05,0.07500000000000001,0.05,0.05,0.07500000000000001,0.05,0.1
265,2021-01-06,0.05,0.05,0.07500000000000001,0.05,0.05,0.07500000000000001,0.05,0.1
266,2021-01-07,0.05,0.05,0.07500000000000001,0.05,0.05,0.07500000000000001,0.05,0.1
267,2021-01-08,0.05,0.05,0.07500000000000001,0.05,0.05,0.07500000000000001,0.05,0.1
268,2021-01-11,0.05,0.05,0.07500000000000001,0.05,0.05,0.07500000000000001,0.05,0.1
269,2021-01-12,0.05,0.05,0.07500000000000001,0.05,0.05,0.07500000000000001,0.05,0.1
270,2021-01-13,0.05,0.05,0.07500000000000001,0.05,0.05,0.07500000000000001,0.05,0.1
271,2021-01-14,0.05,0.05,0.07500000000000001,0.05,0.05,0.07500000000000001,0.05,0.1
272,2021-01-15,0.05,0.05,0.07500000000000001,0.05,0.05,0.07500000000000001,0.05,0.1
273,2021-01-18,0.05,0.05,0.07500000000000001,0.05,0.05,0.07500000000000001,0.05,0.1
274,2021-01-19,0.05,0.05,0.07500000000000001,0.05,0.05,0.07500000000000001,0.05,0.1
275,2021-01-20,0.05,0.05,0.07500000000000001,0.05,0.05,0.07500000000000001,0.05,0.1
276,2021-01-21,0.05,0.05,0.07500000000000001,0.05,0.05,0.07500000000000001,0.05,0.1
277,2021-01-22,0.05,0.05,0.07500000000000001,0.05,0.05,0.07500000000000001,0.05,0.1
278,2021-01-25,0.05,0.05,0.07500000000000001,0.05,0.05,0.07500000000000001,0.05,0.1
279,2021-01-26,0.05,0.05,0.07500000000000001,0.05,0.05,0.07500000000000001,0.05,0.1
280,2021-01-27,0.05,0.05,0.07500000000000001,0.05,0.05,0.07500000000000001,0.05,0.1
281,2021-01-28,0.05,0.05,0.07500000000000001,0.05,0.05,0.07500000000000001,0.05,0.1
282,2021-01-29,0.05,0.05,0.07500000000000001,0.05,0.05,0.07500000000000001,0.05,0.1
283,2021-02-01,0.05,0.05,0.07500000000000001,0.05,0.05,0.07500000000000001,0.05,0.1
284,2021-02-02,0.05,0.05,0.07500000000000001,0.05,0.05,0.07500000000000001,0.05,0.1
285,2021-02-03,0.05,0.05,0.07500000000000001,0.05,0.05,0.07500000000000001,0.05,0.1
286,2021-02-04,0.05,0.05,0.07500000000000001,0.05,0.05,0.07500000000000001,0.05,0.1
287,2021-02-05,0.05,0.05,0.07500000000000001,0.05,0.05,0.07500000000000001,0.05,0.1
288,2021-02-08,0.05,0.05,0.07500000000000001,0.05,0.05,0.07500000000000001,0.05,0.1
289,2021-02-09,0.05,0.05,0.07500000000000001,0.05,0.05,0.07500000000000001,0.05,0.1
290,2021-02-10,0.05,0.05,0.07500000000000001,0.05,0.05,0.07500000000000001,0.05,0.1
291,2021-02-11,0.05,0.05,0.07500000000000001,0.05,0.05,0.07500000000000001,0.05,0.1
292,2021-02-12,0.05,0.05,0.07500000000000001,0.05,0.05,0.07500000000000001,0.05,0.1
293,2021-02-15,0.05,0.05,0.07500000000000001,0.05,0.05,0.07500000000000001,0.05,0.1
294,2021-02-16,0.05,0.05,0.07500000000000001,0.05,0.05,0.07500000000000001,0.05,0.1
295,2021-02-17,0.05,0.05,0.07500000000000001,0.05,0.05,0.07500000000000001,0.05,0.1
296,2021-02-18,0.05,0.05,0.07500000000000001,0.05,0.05,0.07500000000000001,0.05,0.1
297,2021-02-19,0.05,0.05,0.07500000000000001,0.05,0.05,0.07500000000000001,0.05,0.1
298,2021-02-22,0.05,0.05,0.07500000000000001,0.05,0.05,0.07500000000000001,0.05,0.1
299,2021-02-23,0.05,0.05,0.07500000000000001,0.05,0.05,0.07500000000000001,0.05,0.1
300,2021-02-24,0.05,0.05,0.07500000000000001,0.05,0.05,0.07500000000000001,0.05,0.1
301,2021-02-25,0.05,0.05,0.07500000000000001,0.05,0.05,0.07500000000000001,0.05,0.1
302,2021-02-26,0.05,0.05,0.07500000000000001,0.05,0.05,0.07500000000000001,0.05,0.1
303,2021-03-01,0.05,0.05,0.07500000000000001,0.05,0.05,0.07500000000000001,0.05,0.1
304,2021-03-02,0.05,0.05,0.07500000000000001,0.05,0.05,0.07500000000000001,0.05,0.1
305,2021-03-03,0.05,0.05,0.07500000000000001,0.05,0.05,0.07500000000000001,0.05,0.1
306,2021-03-04,0.05,0.05,0.07500000000000001,0.05,0.05,0.07500000000000001,0.05,0.1
307,2021-03-05,0.05,0.05,0.07500000000000001,0.05,0.05,0.07500000000000001,0.05,0.1
308,2021-03-08,0.05,0.05,0.07500000000000001,0.05,0.05,0.07500000000000001,0.05,0.1
309,2021-03-09,0.05,0.05,0.07500000000000001,0.05,0.05,0.07500000000000001,0.05,0.1
310,2021-03-10,0.05,0.05,0.07500000000000001,0.05,0.05,0.07500000000000001,0.05,0.1
311,2021-03-11,0.05,0.05,0.07500000000000001,0.05,0.05,0.07500000000000001,0.05,0.1
312,2021-03-12,0.05,0.05,0.07500000000000001,0.05,0.05,0.07500000000000001,0.05,0.1
313,2021-03-15,0.05,0.05,0.07500000000000001,0.05,0.05,0.07500000000000001,0.05,0.1
314,2021-03-16,0.05,0.05,0.07500000000000001,0.05,0.05,0.07500000000000001,0.05,0.1
315,2021-03-17,0.05,0.05,0.07500000000000001,0.05,0.05,0.07500000000000001,0.05,0.1
316,2021-03-18,0.05,0.05,0.07500000000000001,0.05,0.05,0.07500000000000001,0.05,0.1
317,2021-03-19,0.05,0.05,0.07500000000000001,0.05,0.05,0.07500000000000001,0.05,0.1
318,2021-03-22,0.05,0.05,0.07500000000000001,0.05,0.05,0.07500000000000001,0.05,0.1
319,2021-03-23,0.05,0.05,0.07500000000000001,0.05,0.05,0.07500000000000001,0.05,0.1
320,2021-03-24,0.05,0.05,0.07500000000000001,0.05,0.05,0.07500000000000001,0.05,0.1
321,2021-03-25,0.05,0.05,0.07500000000000001,0.05,0.05,0.07500000000000001,0.05,0.1
322,2021-03-26,0.05,0.05,0.07500000000000001,0.05,0.05,0.07500000000000001,0.05,0.1
323,2021-03-29,0.05,0.05,0.07500000000000001,0.05,0.05,0.07500000000000001,0.05,0.1
324,2021-03-30,0.05,0.05,0.07500000000000001,0.05,0.05,0.07500000000000001,0.05,0.1
325,2021-03-31,0.05,0.05,0.07500000000000001,0.05,0.05,0.07500000000000001,0.05,0.1
326,2021-04-01,0.05,0.05,0.07500000000000001,0.05,0.05,0.07500000000000001,0.05,0.1
327,2021-04-02,0.05,0.05,0.07500000000000001,0.05,0.05,0.07500000000000001,0.05,0.1
328,2021-04-05,0.05,0.05,0.07500000000000001,0.05,0.05,0.07500000000000001,0.05,0.1
329,2021-04-06,0.05,0.05,0.07500000000000001,0.05,0.05,0.07500000000000001,0.05,0.1
330,2021-04-07,0.05,0.05,0.07500000000000001,0.05,0.05,0.07500000000000001,0.05,0.1
331,2021-04-08,0.05,0.05,0.07500000000000001,0.05,0.05,0.07500000000000001,0.05,0.1
332,2021-04-09,0.05,0.05,0.07500000000000001,0.05,0.05,0.07500000000000001,0.05,0.1
333,2021-04-12,0.05,0.05,0.07500000000000001,0.05,0.05,0.07500000000000001,0.05,0.1
334,2021-04-13,0.05,0.05,0.07500000000000001,0.05,0.05,0.07500000000000001,0.05,0.1
335,2021-04-14,0.05,0.05,0.07500000000000001,0.05,0.05,0.07500000000000001,0.05,0.1
336,2021-04-15,0.05,0.05,0.07500000000000001,0.05,0.05,0.07500000000000001,0.05,0.1
337,2021-04-16,0.05,0.05,0.07500000000000001,0.05,0.05,0.07500000000000001,0.05,0.1
338,2021-04-19,0.05,0.05,0.07500000000000001,0.05,0.05,0.07500000000000001,0.05,0.1
339,2021-04-20,0.05,0.05,0.07500000000000001,0.05,0.05,0.07500000000000001,0.05,0.1
340,2021-04-21,0.05,0.05,0.07500000000000001,0.05,0.05,0.07500000000000001,0.05,0.1
341,2021-04-22,0.05,0.05,0.07500000000000001,0.05,0.05,0.07500000000000001,0.05,0.1
342,2021-04-23,0.05,0.05,0.07500000000000001,0.05,0.05,0.07500000000000001,0.05,0.1
343,2021-04-26,0.05,0.05,0.07500000000000001,0.05,0.05,0.07500000000000001,0.05,0.1
344,2021-04-27,0.05,0.05,0.07500000000000001,0.05,0.05,0.07500000000000001,0.05,0.1
345,2021-04-28,0.05,0.05,0.07500000000000001,0.05,0.05,0.07500000000000001,0.05,0.1
346,2021-04-29,0.05,0.05,0.07500000000000001,0.05,0.05,0.07500000000000001,0.05,0.1
347,2021-04-30,0.05,0.05,0.07500000000000001,0.05,0.05,0.07500000000000001,0.05,0.1
348,2021-05-03,0.05,0.05,0.07500000000000001,0.05,0.05,0.07500000000000001,0.05,0.1
349,2021-05-04,0.05,0.05,0.07500000000000001,0.05,0.05,0.07500000000000001,0.05,0.1
350,2021-05-05,0.05,0.05,0.07500000000000001,0.05,0.05,0.07500000000000001,0.05,0.1
351,2021-05-06,0.05,0.05,0.07500000000000001,0.05,0.05,0.07500000000000001,0.05,0.1
352,2021-05-07,0.05,0.05,0.07500000000000001,0.05,0.05,0.07500000000000001,0.05,0.1
353,2021-05-10,0.05,0.05,0.07500000000000001,0.05,0.05,0.07500000000000001,0.05,0.1
354,2021-05-11,0.05,0.05,0.07500000000000001,0.05,0.05,0.07500000000000001,0.05,0.1
355,2021-05-12,0.05,0.05,0.07500000000000001,0.05,0.05,0.07500000000000001,0.05,0.1
356,2021-05-13,0.05,0.05,0.07500000000000001,0.05,0.05,0.07500000000000001,0.05,0.1
357,2021-05-14,0.05,0.05,0.07500000000000001,0.05,0.05,0.07500000000000001,0.05,0.1
358,2021-05-17,0.05,0.05,0.07500000000000001,0.05,0.05,0.07500000000000001,0.05,0.1
359,2021-05-18,0.05,0.05,0.07500000000000001,0.05,0.05,0.07500000000000001,0.05,0.1
360,2021-05-19,0.05,0.05,0.07500000000000001,0.05,0.05,0.07500000000000001,0.05,0.1
361,2021-05-20,0.05,0.05,0.07500000000000001,0.05,0.05,0.07500000000000001,0.05,0.1
362,2021-05-21,0.05,0.05,0.07500000000000001,0.05,0.05,0.07500000000000001,0.05,0.1
363,2021-05-24,0.05,0.05,0.07500000000000001,0.05,0.05,0.07500000000000001,0.05,0.1
364,2021-05-25,0.05,0.05,0.07500000000000001,0.05,0.05,0.07500000000000001,0.05,0.1
365,2021-05-26,0.05,0.05,0.07500000000000001,0.05,0.05,0.07500000000000001,0.05,0.1
366,2021-05-27,0.05,0.05,0.07500000000000001,0.05,0.05,0.07500000000000001,0.05,0.1
367,2021-05-28,0.05,0.05,0.07500000000000001,0.05,0.05,0.07500000000000001,0.05,0.1
368,2021-05-31,0.05,0.05,0.07500000000000001,0.05,0.05,0.07500000000000001,0.05,0.1
369,2021-06-01,0.05,0.05,0.07500000000000001,0.05,0.05,0.07500000000000001,0.05,0.1
370,2021-06-02,0.05,0.05,0.07500000000000001,0.05,0.05,0.07500000000000001,0.05,0.1
371,2021-06-03,0.05,0.05,0.07500000000000001,0.05,0.05,0.07500000000000001,0.05,0.1
372,2021-06-04,0.05,0.05,0.07500000000000001,0.05,0.05,0.07500000000000001,0.05,0.1
373,2021-06-07,0.05,0.05,0.07500000000000001,0.05,0.05,0.07500000000000001,0.05,0.1
374,2021-06-08,0.05,0.05,0.07500000000000001,0.05,0.05,0.07500000000000001,0.05,0.1
375,2021-06-09,0.05,0.05,0.07500000000000001,0.05,0.05,0.07500000000000001,0.05,0.1
376,2021-06-10,0.05,0.05,0.07500000000000001,0.05,0.05,0.07500000000000001,0.05,0.1
377,2021-06-11,0.05,0.05,0.07500000000000001,0.05,0.05,0.07500000000000001,0.05,0.1
378,2021-06-14,0.05,0.05,0.07500000000000001,0.05,0.05,0.07500000000000001,0.05,0.1
379,2021-06-15,0.05,0.05,0.07500000000000001,0.05,0.05,0.07500000000000001,0.05,0.1
380,2021-06-16,0.05,0.05,0.07500000000000001,0.05,0.05,0.07500000000000001,0.05,0.1
381,2021-06-17,0.05,0.05,0.07500000000000001,0.05,0.05,0.07500000000000001,0.05,0.1
382,2021-06-18,0.05,0.05,0.07500000000000001,0.05,0.05,0.07500000000000001,0.05,0.1
383,2021-06-21,0.05,0.05,0.07500000000000001,0.05,0.05,0.07500000000000001,0.05,0.1
384,2021-06-22,0.05,0.05,0.07500000000000001,0.05,0.05,0.07500000000000001,0.05,0.1
385,2021-06-23,0.05,0.05,0.07500000000000001,0.05,0.05,0.07500000000000001,0.05,0.1
386,2021-06-24,0.05,0.05,0.07500000000000001,0.05,0.05,0.07500000000000001,0.05,0.1
387,2021-06-25,0.05,0.05,0.07500000000000001,0.05,0.05,0.07500000000000001,0.05,0.1
388,2021-06-28,0.05,0.05,0.07500000000000001,0.05,0.05,0.07500000000000001,0.05,0.1
389,2021-06-29,0.05,0.05,0.07500000000000001,0.05,0.05,0.07500000000000001,0.05,0.1
390,2021-06-30,0.05,0.05,0.07500000000000001,0.05,0.05,0.07500000000000001,0.05,0.1
391,2021-07-01,0.05,0.05,0.07500000000000001,0.05,0.05,0.07500000000000001,0.05,0.1
392,2021-07-02,0.05,0.05,0.07500000000000001,0.05,0.05,0.07500000000000001,0.05,0.1
393,2021-07-05,0.05,0.05,0.07500000000000001,0.05,0.05,0.07500000000000001,0.05,0.1
394,2021-07-06,0.05,0.05,0.07500000000000001,0.05,0.05,0.07500000000000001,0.05,0.1
395,2021-07-07,0.05,0.05,0.07500000000000001,0.05,0.05,0.07500000000000001,0.05,0.1
396,2021-07-08,0.05,0.05,0.07500000000000001,0.05,0.05,0.07500000000000001,0.05,0.1
397,2021-07-09,0.05,0.05,0.07500000000000001,0.05,0.05,0.07500000000000001,0.05,0.1
398,2021-07-12,0.05,0.05,0.07500000000000001,0.05,0.05,0.07500000000000001,0.05,0.1
399,2021-07-13,0.05,0.05,0.07500000000000001,0.05,0.05,0.07500000000000001,0.05,0.1
400,2021-07-14,0.05,0.05,0.07500000000000001,0.05,0.05,0.07500000000000001,0.05,0.1
401,2021-07-15,0.05,0.05,0.07500000000000001,0.05,0.05,0.07500000000000001,0.05,0.1
402,2021-07-16,0.05,0.05,0.07500000000000001,0.05,0.05,0.07500000000000001,0.05,0.1
403,2021-07-19,0.05,0.05,0.07500000000000001,0.05,0.05,0.07500000000000001,0.05,0.1
404,2021-07-20,0.05,0.05,0.07500000000000001,0.05,0.05,0.07500000000000001,0.05,0.1
405,2021-07-21,0.05,0.05,0.07500000000000001,0.05,0.05,0.07500000000000001,0.05,0.1
406,2021-07-22,0.05,0.05,0.07500000000000001,0.05,0.05,0.07500000000000001,0.05,0.1
407,2021-07-23,0.05,0.05,0.07500000000000001,0.05,0.05,0.07500000000000001,0.05,0.1
408,2021-07-26,0.05,0.05,0.07500000000000001,0.05,0.05,0.07500000000000001,0.05,0.1
409,2021-07-27,0.05,0.05,0.07500000000000001,0.05,0.05,0.07500000000000001,0.05,0.1
410,2021-07-28,0.05,0.05,0.07500000000000001,0.05,0.05,0.07500000000000001,0.05,0.1
411,2021-07-29,0.05,0.05,0.07500000000000001,0.05,0.05,0.07500000000000001,0.05,0.1
412,2021-07-30,0.05,0.05,0.07500000000000001,0.05,0.05,0.07500000000000001,0.05,0.1
413,2021-08-02,0.05,0.05,0.07500000000000001,0.05,0.05,0.07500000000000001,0.05,0.1
414,2021-08-03,0.05,0.05,0.07500000000000001,0.05,0.05,0.07500000000000001,0.05,0.1
415,2021-08-04,0.05,0.05,0.07500000000000001,0.05,0.05,0.07500000000000001,0.05,0.1
416,2021-08-05,0.05,0.05,0.07500000000000001,0.05,0.05,0.07500000000000001,0.05,0.1
417,2021-08-06,0.05,0.05,0.07500000000000001,0.05,0.05,0.07500000000000001,0.05,0.1
418,2021-08-09,0.05,0.05,0.07500000000000001,0.05,0.05,0.07500000000000001,0.05,0.1
419,2021-08-10,0.05,0.05,0.07500000000000001,0.05,0.05,0.07500000000000001,0.05,0.1
420,2021-08-11,0.05,0.05,0.07500000000000001,0.05,0.05,0.07500000000000001,0.05,0.1
421,2021-08-12,0.05,0.05,0.07500000000000001,0.05,0.05,0.07500000000000001,0.05,0.1
422,2021-08-13,0.05,0.05,0.07500000000000001,0.05,0.05,0.07500000000000001,0.05,0.1
423,2021-08-16,0.05,0.05,0.07500000000000001,0.05,0.05,0.07500000000000001,0.05,0.1
424,2021-08-17,0.05,0.05,0.07500000000000001,0.05,0.05,0.07500000000000001,0.05,0.1
425,2021-08-18,0.05,0.05,0.07500000000000001,0.05,0.05,0.07500000000000001,0.05,0.1
426,2021-08-19,0.05,0.05,0.07500000000000001,0.05,0.05,0.07500000000000001,0.05,0.1
427,2021-08-20,0.05,0.05,0.07500000000000001,0.05,0.05,0.07500000000000001,0.05,0.1
428,2021-08-23,0.05,0.05,0.07500000000000001,0.05,0.05,0.07500000000000001,0.05,0.1
429,2021-08-24,0.05,0.05,0.07500000000000001,0.05,0.05,0.07500000000000001,0.05,0.1
430,2021-08-25,0.05,0.05,0.07500000000000001,0.05,0.05,0.07500000000000001,0.05,0.1
431,2021-08-26,0.05,0.05,0.07500000000000001,0.05,0.05,0.07500000000000001,0.05,0.1
432,2021-08-27,0.05,0.05,0.07500000000000001,0.05,0.05,0.07500000000000001,0.05,0.1
433,2021-08-30,0.05,0.05,0.07500000000000001,0.05,0.05,0.07500000000000001,0.05,0.1
434,2021-08-31,0.05,0.05,0.07500000000000001,0.05,0.05,0.07500000000000001,0.05,0.1
435,2021-09-01,0.05,0.05,0.07500000000000001,0.05,0.05,0.07500000000000001,0.05,0.1
436,2021-09-02,0.05,0.05,0.07500000000000001,0.05,0.05,0.07500000000000001,0.05,0.1
437,2021-09-03,0.05,0.05,0.07500000000000001,0.05,0.05,0.07500000000000001,0.05,0.1
438,2021-09-06,0.05,0.05,0.07500000000000001,0.05,0.05,0.07500000000000001,0.05,0.1
439,2021-09-07,0.05,0.05,0.07500000000000001,0.05,0.05,0.07500000000000001,0.05,0.1
440,2021-09-08,0.05,0.05,0.07500000000000001,0.05,0.05,0.07500000000000001,0.05,0.1
441,2021-09-09,0.05,0.05,0.07500000000000001,0.05,0.05,0.07500000000000001,0.05,0.1
442,2021-09-10,0.05,0.05,0.07500000000000001,0.05,0.05,0.07500000000000001,0.05,0.1
443,2021-09-13,0.05,0.05,0.07500000000000001,0.05,0.05,0.07500000000000001,0.05,0.1
444,2021-09-14,0.05,0.05,0.07500000000000001,0.05,0.05,0.07500000000000001,0.05,0.1
445,2021-09-15,0.05,0.05,0.07500000000000001,0.05,0.05,0.07500000000000001,0.05,0.1
446,2021-09-16,0.05,0.05,0.07500000000000001,0.05,0.05,0.07500000000000001,0.05,0.1
447,2021-09-17,0.05,0.05,0.07500000000000001,0.05,0.05,0.07500000000000001,0.05,0.1
448,2021-09-20,0.05,0.05,0.07500000000000001,0.05,0.05,0.07500000000000001,0.05,0.1
449,2021-09-21,0.05,0.05,0.07500000000000001,0.05,0.05,0.07500000000000001,0.05,0.1
450,2021-09-22,0.05,0.05,0.07500000000000001,0.05,0.05,0.07500000000000001,0.05,0.1
451,2021-09-23,0.05,0.05,0.07500000000000001,0.05,0.05,0.07500000000000001,0.05,0.1
452,2021-09-24,0.05,0.05,0.07500000000000001,0.05,0.05,0.07500000000000001,0.05,0.1
453,2021-09-27,0.05,0.05,0.07500000000000001,0.05,0.05,0.07500000000000001,0.05,0.1
454,2021-09-28,0.05,0.05,0.07500000000000001,0.05,0.05,0.07500000000000001,0.05,0.1
455,2021-09-29,0.05,0.05,0.07500000000000001,0.05,0.05,0.07500000000000001,0.05,0.1
456,2021-09-30,0.05,0.05,0.07500000000000001,0.05,0.05,0.07500000000000001,0.05,0.1
457,2021-10-01,0.05,0.05,0.07500000000000001,0.05,0.05,0.07500000000000001,0.05,0.1
458,2021-10-04,0.05,0.05,0.07500000000000001,0.05,0.05,0.07500000000000001,0.05,0.1
459,2021-10-05,0.05,0.05,0.07500000000000001,0.05,0.05,0.07500000000000001,0.05,0.1
460,2021-10-06,0.05,0.05,0.07500000000000001,0.05,0.05,0.07500000000000001,0.05,0.1
461,2021-10-07,0.05,0.05,0.07500000000000001,0.05,0.05,0.07500000000000001,0.05,0.1
462,2021-10-08,0.05,0.05,0.07500000000000001,0.05,0.05,0.07500000000000001,0.05,0.1
463,2021-10-11,0.05,0.05,0.07500000000000001,0.05,0.05,0.07500000000000001,0.05,0.1
464,2021-10-12,0.05,0.05,0.07500000000000001,0.05,0.05,0.07500000000000001,0.05,0.1
465,2021-10-13,0.05,0.05,0.07500000000000001,0.05,0.05,0.07500000000000001,0.05,0.1
466,2021-10-14,0.05,0.05,0.07500000000000001,0.05,0.05,0.07500000000000001,0.05,0.1
467,2021-10-15,0.05,0.05,0.07500000000000001,0.05,0.05,0.07500000000000001,0.05,0.1
468,2021-10-18,0.05,0.05,0.07500000000000001,0.05,0.05,0.07500000000000001,0.05,0.1
469,2021-10-19,0.05,0.05,0.07500000000000001,0.05,0.05,0.07500000000000001,0.05,0.1
470,2021-10-20,0.05,0.05,0.07500000000000001,0.05,0.05,0.07500000000000001,0.05,0.1
471,2021-10-21,0.05,0.05,0.07500000000000001,0.05,0.05,0.07500000000000001,0.05,0.1
472,2021-10-22,0.05,0.05,0.07500000000000001,0.05,0.05,0.07500000000000001,0.05,0.1
473,2021-10-25,0.05,0.05,0.07500000000000001,0.05,0.05,0.07500000000000001,0.05,0.1
474,2021-10-26,0.05,0.05,0.07500000000000001,0.05,0.05,0.07500000000000001,0.05,0.1
475,2021-10-27,0.05,0.05,0.07500000000000001,0.05,0.05,0.07500000000000001,0.05,0.1
476,2021-10-28,0.05,0.05,0.07500000000000001,0.05,0.05,0.07500000000000001,0.05,0.1
477,2021-10-29,0.05,0.05,0.07500000000000001,0.05,0.05,0.07500000000000001,0.05,0.1
478,2021-11-01,0.05,0.05,0.07500000000000001,0.05,0.05,0.07500000000000001,0.05,0.1
479,2021-11-02,0.05,0.05,0.07500000000000001,0.05,0.05,0.07500000000000001,0.05,0.1
480,2021-11-03,0.05,0.05,0.07500000000000001,0.05,0.05,0.07500000000000001,0.05,0.1
481,2021-11-04,0.05,0.05,0.07500000000000001,0.05,0.05,0.07500000000000001,0.05,0.1
482,2021-11-05,0.05,0.05,0.07500000000000001,0.05,0.05,0.07500000000000001,0.05,0.1
483,2021-11-08,0.05,0.05,0.07500000000000001,0.05,0.05,0.07500000000000001,0.05,0.1
484,2021-11-09,0.05,0.05,0.07500000000000001,0.05,0.05,0.07500000000000001,0.05,0.1
485,2021-11-10,0.05,0.05,0.07500000000000001,0.05,0.05,0.07500000000000001,0.05,0.1
486,2021-11-11,0.05,0.05,0.07500000000000001,0.05,0.05,0.07500000000000001,0.05,0.1
487,2021-11-12,0.05,0.05,0.07500000000000001,0.05,0.05,0.07500000000000001,0.05,0.1
488,2021-11-15,0.05,0.05,0.07500000000000001,0.05,0.05,0.07500000000000001,0.05,0.1
489,2021-11-16,0.05,0.05,0.07500000000000001,0.05,0.05,0.07500000000000001,0.05,0.1
490,2021-11-17,0.05,0.05,0.07500000000000001,0.05,0.05,0.07500000000000001,0.05,0.1
491,2021-11-18,0.05,0.05,0.07500000000000001,0.05,0.05,0.07500000000000001,0.05,0.1
492,2021-11-19,0.05,0.05,0.07500000000000001,0.05,0.05,0.07500000000000001,0.05,0.1
493,2021-11-22,0.05,0.05,0.07500000000000001,0.05,0.05,0.07500000000000001,0.05,0.1
494,2021-11-23,0.05,0.05,0.07500000000000001,0.05,0.05,0.07500000000000001,0.05,0.1
495,2021-11-24,0.05,0.05,0.07500000000000001,0.05,0.05,0.07500000000000001,0.05,0.1
496,2021-11-25,0.05,0.05,0.07500000000000001,0.05,0.05,0.07500000000000001,0.05,0.1
497,2021-11-26,0.05,0.05,0.07500000000000001,0.05,0.05,0.07500000000000001,0.05,0.1
498,2021-11-29,0.05,0.05,0.07500000000000001,0.05,0.05,0.07500000000000001,0.05,0.1
499,2021-11-30,0.05,0.05,0.07500000000000001,0.05,0.05,0.07500000000000001,0.05,0.1
500,2021-12-01,0.05,0.05,0.07500000000000001,0.05,0.05,0.07500000000000001,0.05,0.1
501,2021-12-02,0.05,0.05,0.07500000000000001,0.05,0.05,0.07500000000000001,0.05,0.1
502,2021-12-03,0.05,0.05,0.07500000000000001,0.05,0.05,0.07500000000000001,0.05,0.1
503,2021-12-06,0.05,0.05,0.07500000000000001,0.05,0.05,0.07500000000000001,0.05,0.1
504,2021-12-07,0.05,0.05,0.07500000000000001,0.05,0.05,0.07500000000000001,0.05,0.1
505,2021-12-08,0.05,0.05,0.07500000000000001,0.05,0.05,0.07500000000000001,0.05,0.1
506,2021-12-09,0.05,0.05,0.07500000000000001,0.05,0.05,0.07500000000000001,0.05,0.1
507,2021-12-10,0.05,0.05,0.07500000000000001,0.05,0.05,0.07500000000000001,0.05,0.1
508,2021-12-13,0.05,0.05,0.07500000000000001,0.05,0.05,0.07500000000000001,0.05,0.1
509,2021-12-14,0.05,0.05,0.07500000000000001,0.05,0.05,0.07500000000000001,0.05,0.1
510,2021-12-15,0.05,0.05,0.07500000000000001,0.05,0.05,0.07500000000000001,0.05,0.1
511,2021-12-16,0.05,0.05,0.07500000000000001,0.05,0.05,0.07500000000000001,0.05,0.1
512,2021-12-17,0.05,0.05,0.07500000000000001,0.05,0.05,0.07500000000000001,0.05,0.1
513,2021-12-20,0.05,0.05,0.07500000000000001,0.05,0.05,0.07500000000000001,0.05,0.1
514,2021-12-21,0.05,0.05,0.07500000000000001,0.05,0.05,0.07500000000000001,0.05,0.1
515,2021-12-22,0.05,0.05,0.07500000000000001,0.05,0.05,0.07500000000000001,0.05,0.1
516,2021-12-23,0.05,0.05,0.07500000000000001,0.05,0.05,0.07500000000000001,0.05,0.1
517,2021-12-24,0.05,0.05,0.07500000000000001,0.05,0.05,0.07500000000000001,0.05,0.1
518,2021-12-27,0.05,0.05,0.07500000000000001,0.05,0.05,0.07500000000000001,0.05,0.1
519,2021-12-28,0.05,0.05,0.07500000000000001,0.05,0.05,0.07500000000000001,0.05,0.1
520,2021-12-29,0.05,0.05,0.07500000000000001,0.05,0.05,0.07500000000000001,0.05,0.1
521,2021-12-30,0.05,0.05,0.07500000000000001,0.05,0.05,0.07500000000000001,0.05,0.1
522,2021-12-31,0.05,0.05,0.07500000000000001,0.05,0.05,0.07500000000000001,0.05,0.1
